{
    "Markers": [
        {
            "deleted": false,
            "endDatetime": "2023-08-15T19:32:21.145281+02:00",
            "extras": {
            },
            "index": 1,
            "label": "Blink eye while relaxing",
            "originalEndDatetime": "2023-08-15T19:32:21.148739+02:00",
            "originalStartDatetime": "2023-08-15T19:32:21.148739+02:00",
            "port": "KeyStroke",
            "startDatetime": "2023-08-15T19:32:21.145281+02:00",
            "type": "instance",
            "uuid": "1742ec0d-93e6-43a1-a7ef-870b3a765557",
            "value": 22
        },
        {
            "deleted": false,
            "endDatetime": "2023-08-15T19:34:51.457777+02:00",
            "extras": {
            },
            "index": 2,
            "label": "Blink eye while relaxing",
            "originalEndDatetime": "2023-08-15T19:34:51.459617+02:00",
            "originalStartDatetime": "2023-08-15T19:34:51.459617+02:00",
            "port": "KeyStroke",
            "startDatetime": "2023-08-15T19:34:51.457777+02:00",
            "type": "instance",
            "uuid": "203c8275-0fbb-4107-9a1f-ab23eec0ce40",
            "value": 22
        }
    ],
    "connectionType": "dongle",
    "demographics": {
        "birthday": "1900-01-01",
        "countryOfInfluence": {
            "iso": "",
            "printable": ""
        },
        "countryOfResidence": {
            "iso": "",
            "printable": ""
        },
        "gender": "U"
    },
    "exportApp": "com.emotiv.emotivpro",
    "exportTime": "2023-09-13T19:05:24.955+02:00",
    "eyeActions": {
        "Blink": 10,
        "Look Left": -1,
        "Look Right": 1,
        "Neutral": 0,
        "Wink Left": 11,
        "Wink Right": 12
    },
    "facialExpressionActions": {
        "Blink": 2,
        "Clench Teeth": 256,
        "Furrow Brows": 64,
        "Horizontal Eye": 16,
        "Laugh": 512,
        "Neutral": 1,
        "Raise Brows": 32,
        "Smile": 128,
        "Smirk Left": 1024,
        "Smirk Right": 2048,
        "Wink Left": 4,
        "Wink Right": 8
    },
    "headsetType": "INSIGHT",
    "mappings": null,
    "mentalCommandActions": {
        "Disappear": 8192,
        "Drop": 16,
        "Left": 32,
        "Lift": 8,
        "Neutral": 1,
        "Pull": 4,
        "Push": 2,
        "Right": 64,
        "Rotate Backward": 4096,
        "Rotate Clockwise": 512,
        "Rotate Counter-Clockwise": 1024,
        "Rotate Forward": 2048,
        "Rotate Left": 128,
        "Rotate Right": 256
    },
    "montageType": "UNKNOWN",
    "recordId": "3ddd0b0b-a6c9-4475-aaf6-c68ebc64746b",
    "user": "petrovic",
	"Difficulty": "Advanced",
	"Fields": "480",
    "Mines": "99",
	"Time": "02:35",
	"Outcome": "Lose"
}
