{
    "Markers": [
        {
            "deleted": false,
            "endDatetime": "2023-08-15T19:18:52.101057+02:00",
            "extras": {
            },
            "index": 1,
            "label": "Blink eye while relaxing",
            "originalEndDatetime": "2023-08-15T19:18:52.099494+02:00",
            "originalStartDatetime": "2023-08-15T19:18:52.099494+02:00",
            "port": "KeyStroke",
            "startDatetime": "2023-08-15T19:18:52.101057+02:00",
            "type": "instance",
            "uuid": "08263530-bc4f-43df-8ca1-870982d4538c",
            "value": 22
        },
        {
            "deleted": false,
            "endDatetime": "2023-08-15T19:20:28.321443+02:00",
            "extras": {
            },
            "index": 2,
            "label": "Blink eye while relaxing",
            "originalEndDatetime": "2023-08-15T19:20:28.318211+02:00",
            "originalStartDatetime": "2023-08-15T19:20:28.318211+02:00",
            "port": "KeyStroke",
            "startDatetime": "2023-08-15T19:20:28.321443+02:00",
            "type": "instance",
            "uuid": "a399c114-7786-4c7b-9db8-95db05220efc",
            "value": 22
        }
    ],
    "connectionType": "dongle",
    "demographics": {
        "birthday": "1900-01-01",
        "countryOfInfluence": {
            "iso": "",
            "printable": ""
        },
        "countryOfResidence": {
            "iso": "",
            "printable": ""
        },
        "gender": "U"
    },
    "exportApp": "com.emotiv.emotivpro",
    "exportTime": "2023-09-13T19:05:25.774+02:00",
    "eyeActions": {
        "Blink": 10,
        "Look Left": -1,
        "Look Right": 1,
        "Neutral": 0,
        "Wink Left": 11,
        "Wink Right": 12
    },
    "facialExpressionActions": {
        "Blink": 2,
        "Clench Teeth": 256,
        "Furrow Brows": 64,
        "Horizontal Eye": 16,
        "Laugh": 512,
        "Neutral": 1,
        "Raise Brows": 32,
        "Smile": 128,
        "Smirk Left": 1024,
        "Smirk Right": 2048,
        "Wink Left": 4,
        "Wink Right": 8
    },
    "headsetType": "INSIGHT",
    "mappings": null,
    "mentalCommandActions": {
        "Disappear": 8192,
        "Drop": 16,
        "Left": 32,
        "Lift": 8,
        "Neutral": 1,
        "Pull": 4,
        "Push": 2,
        "Right": 64,
        "Rotate Backward": 4096,
        "Rotate Clockwise": 512,
        "Rotate Counter-Clockwise": 1024,
        "Rotate Forward": 2048,
        "Rotate Left": 128,
        "Rotate Right": 256
    },
    "montageType": "UNKNOWN",
    "recordId": "2d82d55b-9b28-49aa-92b5-8f674ff8a4f3",
    "user": "petrovic",
	"Difficulty": "Normal",
	"Fields": "256",
	"Mines": "40",
	"Time": "01:33",
	"Outcome": "Win"
}
