{
    "Markers": [
        {
            "deleted": false,
            "endDatetime": "2023-08-15T19:16:26.189163+02:00",
            "extras": {
            },
            "index": 1,
            "label": "Blink eye while relaxing",
            "originalEndDatetime": "2023-08-15T19:16:26.188329+02:00",
            "originalStartDatetime": "2023-08-15T19:16:26.188329+02:00",
            "port": "KeyStroke",
            "startDatetime": "2023-08-15T19:16:26.189163+02:00",
            "type": "instance",
            "uuid": "17d8fa01-b6f0-449b-a63a-e445f1e04260",
            "value": 22
        },
        {
            "deleted": false,
            "endDatetime": "2023-08-15T19:17:56.273300+02:00",
            "extras": {
            },
            "index": 2,
            "label": "Blink eye while relaxing",
            "originalEndDatetime": "2023-08-15T19:17:56.274940+02:00",
            "originalStartDatetime": "2023-08-15T19:17:56.274940+02:00",
            "port": "KeyStroke",
            "startDatetime": "2023-08-15T19:17:56.273300+02:00",
            "type": "instance",
            "uuid": "d4598ef6-803b-4f45-90b5-9519d32f0962",
            "value": 22
        }
    ],
    "connectionType": "dongle",
    "demographics": {
        "birthday": "1900-01-01",
        "countryOfInfluence": {
            "iso": "",
            "printable": ""
        },
        "countryOfResidence": {
            "iso": "",
            "printable": ""
        },
        "gender": "U"
    },
    "exportApp": "com.emotiv.emotivpro",
    "exportTime": "2023-09-13T19:05:26.245+02:00",
    "eyeActions": {
        "Blink": 10,
        "Look Left": -1,
        "Look Right": 1,
        "Neutral": 0,
        "Wink Left": 11,
        "Wink Right": 12
    },
    "facialExpressionActions": {
        "Blink": 2,
        "Clench Teeth": 256,
        "Furrow Brows": 64,
        "Horizontal Eye": 16,
        "Laugh": 512,
        "Neutral": 1,
        "Raise Brows": 32,
        "Smile": 128,
        "Smirk Left": 1024,
        "Smirk Right": 2048,
        "Wink Left": 4,
        "Wink Right": 8
    },
    "headsetType": "INSIGHT",
    "mappings": null,
    "mentalCommandActions": {
        "Disappear": 8192,
        "Drop": 16,
        "Left": 32,
        "Lift": 8,
        "Neutral": 1,
        "Pull": 4,
        "Push": 2,
        "Right": 64,
        "Rotate Backward": 4096,
        "Rotate Clockwise": 512,
        "Rotate Counter-Clockwise": 1024,
        "Rotate Forward": 2048,
        "Rotate Left": 128,
        "Rotate Right": 256
    },
    "montageType": "UNKNOWN",
    "recordId": "5eeb0cfc-b15a-41f8-8d88-02a7be142f22",
    "user": "petrovic",
	"Difficulty": "Normal",
	"Fields": "256",
	"Mines": "40",
	"Time": "01:27",
	"Outcome": "Win"
}
