{
    "Markers": [
        {
            "deleted": false,
            "endDatetime": "2023-08-15T19:06:36.856561+02:00",
            "extras": {
            },
            "index": 1,
            "label": "Blink eye while relaxing",
            "originalEndDatetime": "2023-08-15T19:06:36.854734+02:00",
            "originalStartDatetime": "2023-08-15T19:06:36.854734+02:00",
            "port": "KeyStroke",
            "startDatetime": "2023-08-15T19:06:36.856561+02:00",
            "type": "instance",
            "uuid": "1ac474aa-a713-4b24-a936-72201d14bc46",
            "value": 22
        },
        {
            "deleted": false,
            "endDatetime": "2023-08-15T19:06:59.957828+02:00",
            "extras": {
            },
            "index": 2,
            "label": "Blink eye while relaxing",
            "originalEndDatetime": "2023-08-15T19:06:59.960997+02:00",
            "originalStartDatetime": "2023-08-15T19:06:59.960997+02:00",
            "port": "KeyStroke",
            "startDatetime": "2023-08-15T19:06:59.957828+02:00",
            "type": "instance",
            "uuid": "ee2861ff-c881-40c3-ba23-e3ea5fc1c6fd",
            "value": 22
        }
    ],
    "connectionType": "dongle",
    "demographics": {
        "birthday": "1900-01-01",
        "countryOfInfluence": {
            "iso": "",
            "printable": ""
        },
        "countryOfResidence": {
            "iso": "",
            "printable": ""
        },
        "gender": "U"
    },
    "exportApp": "com.emotiv.emotivpro",
    "exportTime": "2023-09-13T19:05:25.877+02:00",
    "eyeActions": {
        "Blink": 10,
        "Look Left": -1,
        "Look Right": 1,
        "Neutral": 0,
        "Wink Left": 11,
        "Wink Right": 12
    },
    "facialExpressionActions": {
        "Blink": 2,
        "Clench Teeth": 256,
        "Furrow Brows": 64,
        "Horizontal Eye": 16,
        "Laugh": 512,
        "Neutral": 1,
        "Raise Brows": 32,
        "Smile": 128,
        "Smirk Left": 1024,
        "Smirk Right": 2048,
        "Wink Left": 4,
        "Wink Right": 8
    },
    "headsetType": "INSIGHT",
    "mappings": null,
    "mentalCommandActions": {
        "Disappear": 8192,
        "Drop": 16,
        "Left": 32,
        "Lift": 8,
        "Neutral": 1,
        "Pull": 4,
        "Push": 2,
        "Right": 64,
        "Rotate Backward": 4096,
        "Rotate Clockwise": 512,
        "Rotate Counter-Clockwise": 1024,
        "Rotate Forward": 2048,
        "Rotate Left": 128,
        "Rotate Right": 256
    },
    "montageType": "UNKNOWN",
    "recordId": "efa8310a-704c-4517-9cee-4bfe90f636bd",
    "user": "petrovic",
	"Difficulty": "Easy",
	"Fields": "81",
	"Mines": "10",
	"Time": "00:17",
	"Outcome": "Win"
}
