{
    "Markers": [
        {
            "deleted": false,
            "endDatetime": "2023-08-15T19:03:12.727654+02:00",
            "extras": {
            },
            "index": 1,
            "label": "Blink eye while relaxing",
            "originalEndDatetime": "2023-08-15T19:03:12.730807+02:00",
            "originalStartDatetime": "2023-08-15T19:03:12.730807+02:00",
            "port": "KeyStroke",
            "startDatetime": "2023-08-15T19:03:12.727654+02:00",
            "type": "instance",
            "uuid": "2f6c478b-8395-4c52-bbc3-28705c236cf1",
            "value": 22
        },
        {
            "deleted": false,
            "endDatetime": "2023-08-15T19:03:33.828154+02:00",
            "extras": {
            },
            "index": 2,
            "label": "Blink eye while relaxing",
            "originalEndDatetime": "2023-08-15T19:03:33.825145+02:00",
            "originalStartDatetime": "2023-08-15T19:03:33.825145+02:00",
            "port": "KeyStroke",
            "startDatetime": "2023-08-15T19:03:33.828154+02:00",
            "type": "instance",
            "uuid": "7a403c9e-b2bf-4331-a4af-42b5afcc8a70",
            "value": 22
        }
    ],
    "connectionType": "dongle",
    "demographics": {
        "birthday": "1900-01-01",
        "countryOfInfluence": {
            "iso": "",
            "printable": ""
        },
        "countryOfResidence": {
            "iso": "",
            "printable": ""
        },
        "gender": "U"
    },
    "exportApp": "com.emotiv.emotivpro",
    "exportTime": "2023-09-13T19:05:25.554+02:00",
    "eyeActions": {
        "Blink": 10,
        "Look Left": -1,
        "Look Right": 1,
        "Neutral": 0,
        "Wink Left": 11,
        "Wink Right": 12
    },
    "facialExpressionActions": {
        "Blink": 2,
        "Clench Teeth": 256,
        "Furrow Brows": 64,
        "Horizontal Eye": 16,
        "Laugh": 512,
        "Neutral": 1,
        "Raise Brows": 32,
        "Smile": 128,
        "Smirk Left": 1024,
        "Smirk Right": 2048,
        "Wink Left": 4,
        "Wink Right": 8
    },
    "headsetType": "INSIGHT",
    "mappings": null,
    "mentalCommandActions": {
        "Disappear": 8192,
        "Drop": 16,
        "Left": 32,
        "Lift": 8,
        "Neutral": 1,
        "Pull": 4,
        "Push": 2,
        "Right": 64,
        "Rotate Backward": 4096,
        "Rotate Clockwise": 512,
        "Rotate Counter-Clockwise": 1024,
        "Rotate Forward": 2048,
        "Rotate Left": 128,
        "Rotate Right": 256
    },
    "montageType": "UNKNOWN",
    "recordId": "4402e7c3-935a-4fc7-b74d-eec182ec9727",
    "user": "petrovic",
	"Difficulty": "Easy",
	"Fields": "81",
	"Mines": "10",
	"Time": "00:18",
	"Outcome": "Win"
}
