{
    "Markers": [
        {
            "deleted": false,
            "endDatetime": "2023-08-15T19:12:03.096239+02:00",
            "extras": {
            },
            "index": 1,
            "label": "Blink eye while relaxing",
            "originalEndDatetime": "2023-08-15T19:12:03.093280+02:00",
            "originalStartDatetime": "2023-08-15T19:12:03.093280+02:00",
            "port": "KeyStroke",
            "startDatetime": "2023-08-15T19:12:03.096239+02:00",
            "type": "instance",
            "uuid": "e45907d2-084d-480f-89de-35048eff7970",
            "value": 22
        },
        {
            "deleted": false,
            "endDatetime": "2023-08-15T19:13:42.931036+02:00",
            "extras": {
            },
            "index": 2,
            "label": "Blink eye while relaxing",
            "originalEndDatetime": "2023-08-15T19:13:42.934847+02:00",
            "originalStartDatetime": "2023-08-15T19:13:42.934847+02:00",
            "port": "KeyStroke",
            "startDatetime": "2023-08-15T19:13:42.931036+02:00",
            "type": "instance",
            "uuid": "57af419f-9604-427a-890c-54892251643f",
            "value": 22
        }
    ],
    "connectionType": "dongle",
    "demographics": {
        "birthday": "1900-01-01",
        "countryOfInfluence": {
            "iso": "",
            "printable": ""
        },
        "countryOfResidence": {
            "iso": "",
            "printable": ""
        },
        "gender": "U"
    },
    "exportApp": "com.emotiv.emotivpro",
    "exportTime": "2023-09-13T19:05:25.347+02:00",
    "eyeActions": {
        "Blink": 10,
        "Look Left": -1,
        "Look Right": 1,
        "Neutral": 0,
        "Wink Left": 11,
        "Wink Right": 12
    },
    "facialExpressionActions": {
        "Blink": 2,
        "Clench Teeth": 256,
        "Furrow Brows": 64,
        "Horizontal Eye": 16,
        "Laugh": 512,
        "Neutral": 1,
        "Raise Brows": 32,
        "Smile": 128,
        "Smirk Left": 1024,
        "Smirk Right": 2048,
        "Wink Left": 4,
        "Wink Right": 8
    },
    "headsetType": "INSIGHT",
    "mappings": null,
    "mentalCommandActions": {
        "Disappear": 8192,
        "Drop": 16,
        "Left": 32,
        "Lift": 8,
        "Neutral": 1,
        "Pull": 4,
        "Push": 2,
        "Right": 64,
        "Rotate Backward": 4096,
        "Rotate Clockwise": 512,
        "Rotate Counter-Clockwise": 1024,
        "Rotate Forward": 2048,
        "Rotate Left": 128,
        "Rotate Right": 256
    },
    "montageType": "UNKNOWN",
    "recordId": "af6b151e-3c9b-44e6-bb54-e5287bd40fa3",
    "user": "petrovic",
	"Difficulty": "Normal",
	"Fields": "256",
	"Mines": "40",
	"Time": "01:37",
	"Outcome": "Win"
}
