{
    "Markers": [
        {
            "deleted": false,
            "endDatetime": "2023-08-15T19:01:46.677257+02:00",
            "extras": {
            },
            "index": 1,
            "label": "Blink eye while relaxing",
            "originalEndDatetime": "2023-08-15T19:01:46.677054+02:00",
            "originalStartDatetime": "2023-08-15T19:01:46.677054+02:00",
            "port": "KeyStroke",
            "startDatetime": "2023-08-15T19:01:46.677257+02:00",
            "type": "instance",
            "uuid": "3dcf5d0d-5e73-42f4-83e1-d6d6c25609e1",
            "value": 22
        },
        {
            "deleted": false,
            "endDatetime": "2023-08-15T19:02:19.714497+02:00",
            "extras": {
            },
            "index": 2,
            "label": "Blink eye while relaxing",
            "originalEndDatetime": "2023-08-15T19:02:19.711844+02:00",
            "originalStartDatetime": "2023-08-15T19:02:19.711844+02:00",
            "port": "KeyStroke",
            "startDatetime": "2023-08-15T19:02:19.714497+02:00",
            "type": "instance",
            "uuid": "1022a25b-6780-42a7-a6b6-331cf0dfc8f6",
            "value": 22
        }
    ],
    "connectionType": "dongle",
    "demographics": {
        "birthday": "1900-01-01",
        "countryOfInfluence": {
            "iso": "",
            "printable": ""
        },
        "countryOfResidence": {
            "iso": "",
            "printable": ""
        },
        "gender": "U"
    },
    "exportApp": "com.emotiv.emotivpro",
    "exportTime": "2023-09-13T19:05:25.435+02:00",
    "eyeActions": {
        "Blink": 10,
        "Look Left": -1,
        "Look Right": 1,
        "Neutral": 0,
        "Wink Left": 11,
        "Wink Right": 12
    },
    "facialExpressionActions": {
        "Blink": 2,
        "Clench Teeth": 256,
        "Furrow Brows": 64,
        "Horizontal Eye": 16,
        "Laugh": 512,
        "Neutral": 1,
        "Raise Brows": 32,
        "Smile": 128,
        "Smirk Left": 1024,
        "Smirk Right": 2048,
        "Wink Left": 4,
        "Wink Right": 8
    },
    "headsetType": "INSIGHT",
    "mappings": null,
    "mentalCommandActions": {
        "Disappear": 8192,
        "Drop": 16,
        "Left": 32,
        "Lift": 8,
        "Neutral": 1,
        "Pull": 4,
        "Push": 2,
        "Right": 64,
        "Rotate Backward": 4096,
        "Rotate Clockwise": 512,
        "Rotate Counter-Clockwise": 1024,
        "Rotate Forward": 2048,
        "Rotate Left": 128,
        "Rotate Right": 256
    },
    "montageType": "UNKNOWN",
    "recordId": "ede34afc-4628-4609-8fae-9608aaf2e27b",
    "user": "petrovic",
	"Difficulty": "Easy",
	"Fields": "81",
	"Mines": "10",
	"Time": "00:30",
	"Outcome": "Win"
}
