{
    "Markers": [
        {
            "deleted": false,
            "endDatetime": "2023-08-15T19:08:10.899599+02:00",
            "extras": {
            },
            "index": 1,
            "label": "Blink eye while relaxing",
            "originalEndDatetime": "2023-08-15T19:08:10.903090+02:00",
            "originalStartDatetime": "2023-08-15T19:08:10.903090+02:00",
            "port": "KeyStroke",
            "startDatetime": "2023-08-15T19:08:10.899599+02:00",
            "type": "instance",
            "uuid": "407db653-e41d-4e4b-a6b0-48a2ca1208a0",
            "value": 22
        },
        {
            "deleted": false,
            "endDatetime": "2023-08-15T19:08:45.796657+02:00",
            "extras": {
            },
            "index": 2,
            "label": "Blink eye while relaxing",
            "originalEndDatetime": "2023-08-15T19:08:45.797716+02:00",
            "originalStartDatetime": "2023-08-15T19:08:45.797716+02:00",
            "port": "KeyStroke",
            "startDatetime": "2023-08-15T19:08:45.796657+02:00",
            "type": "instance",
            "uuid": "c05ed400-6a1a-41bf-98a4-a53ef8c1bdfd",
            "value": 22
        }
    ],
    "connectionType": "dongle",
    "demographics": {
        "birthday": "1900-01-01",
        "countryOfInfluence": {
            "iso": "",
            "printable": ""
        },
        "countryOfResidence": {
            "iso": "",
            "printable": ""
        },
        "gender": "U"
    },
    "exportApp": "com.emotiv.emotivpro",
    "exportTime": "2023-09-13T19:05:26.330+02:00",
    "eyeActions": {
        "Blink": 10,
        "Look Left": -1,
        "Look Right": 1,
        "Neutral": 0,
        "Wink Left": 11,
        "Wink Right": 12
    },
    "facialExpressionActions": {
        "Blink": 2,
        "Clench Teeth": 256,
        "Furrow Brows": 64,
        "Horizontal Eye": 16,
        "Laugh": 512,
        "Neutral": 1,
        "Raise Brows": 32,
        "Smile": 128,
        "Smirk Left": 1024,
        "Smirk Right": 2048,
        "Wink Left": 4,
        "Wink Right": 8
    },
    "headsetType": "INSIGHT",
    "mappings": null,
    "mentalCommandActions": {
        "Disappear": 8192,
        "Drop": 16,
        "Left": 32,
        "Lift": 8,
        "Neutral": 1,
        "Pull": 4,
        "Push": 2,
        "Right": 64,
        "Rotate Backward": 4096,
        "Rotate Clockwise": 512,
        "Rotate Counter-Clockwise": 1024,
        "Rotate Forward": 2048,
        "Rotate Left": 128,
        "Rotate Right": 256
    },
    "montageType": "UNKNOWN",
    "recordId": "2374b655-5adb-4b04-8286-7b715ffc82bd",
    "user": "petrovic",
	"Difficulty": "Easy",
	"Fields": "81",
	"Mines": "10",
	"Time": "00:31",
	"Outcome": "Win"
}
