{
    "Markers": [
        {
            "deleted": false,
            "endDatetime": "2023-08-15T19:43:14.738071+02:00",
            "extras": {
            },
            "index": 1,
            "label": "Blink eye while relaxing",
            "originalEndDatetime": "2023-08-15T19:43:14.734885+02:00",
            "originalStartDatetime": "2023-08-15T19:43:14.734885+02:00",
            "port": "KeyStroke",
            "startDatetime": "2023-08-15T19:43:14.738071+02:00",
            "type": "instance",
            "uuid": "0eb4a9b0-2fce-430b-bfb1-66273a18088f",
            "value": 22
        },
        {
            "deleted": false,
            "endDatetime": "2023-08-15T19:44:26.859459+02:00",
            "extras": {
            },
            "index": 2,
            "label": "Blink eye while relaxing",
            "originalEndDatetime": "2023-08-15T19:44:26.862685+02:00",
            "originalStartDatetime": "2023-08-15T19:44:26.862685+02:00",
            "port": "KeyStroke",
            "startDatetime": "2023-08-15T19:44:26.859459+02:00",
            "type": "instance",
            "uuid": "22a7746a-d509-46c4-a65c-a6cc38eda5ff",
            "value": 22
        }
    ],
    "connectionType": "dongle",
    "demographics": {
        "birthday": "1900-01-01",
        "countryOfInfluence": {
            "iso": "",
            "printable": ""
        },
        "countryOfResidence": {
            "iso": "",
            "printable": ""
        },
        "gender": "U"
    },
    "exportApp": "com.emotiv.emotivpro",
    "exportTime": "2023-09-13T19:05:25.129+02:00",
    "eyeActions": {
        "Blink": 10,
        "Look Left": -1,
        "Look Right": 1,
        "Neutral": 0,
        "Wink Left": 11,
        "Wink Right": 12
    },
    "facialExpressionActions": {
        "Blink": 2,
        "Clench Teeth": 256,
        "Furrow Brows": 64,
        "Horizontal Eye": 16,
        "Laugh": 512,
        "Neutral": 1,
        "Raise Brows": 32,
        "Smile": 128,
        "Smirk Left": 1024,
        "Smirk Right": 2048,
        "Wink Left": 4,
        "Wink Right": 8
    },
    "headsetType": "INSIGHT",
    "mappings": null,
    "mentalCommandActions": {
        "Disappear": 8192,
        "Drop": 16,
        "Left": 32,
        "Lift": 8,
        "Neutral": 1,
        "Pull": 4,
        "Push": 2,
        "Right": 64,
        "Rotate Backward": 4096,
        "Rotate Clockwise": 512,
        "Rotate Counter-Clockwise": 1024,
        "Rotate Forward": 2048,
        "Rotate Left": 128,
        "Rotate Right": 256
    },
    "montageType": "UNKNOWN",
    "recordId": "96e6168d-dcb8-4d6d-89bc-456bdab96056",
    "user": "petrovic",
	"Difficulty": "Advanced",
	"Fields": "480",
	"Mines": "99",
	"Time": "01:47",
	"Outcome": "Lose"
}
